Date,Rating,Feedback
2023-08-26,2,Poor superb superb loved good excellent very mediocre excellent excellent back superb price
2023-06-30,3,Satisfied good worth horrible not superb satisfied horrible highly satisfied not great disappointed horrible good poor worth recommend horrible
2023-07-22,3,Loved service average not terrible recommend exceeded loved loved very expectations job worth great
2024-06-03,1,Highly poor average exceeded excellent improve recommend disappointed come recommend expectations service improve superb not highly
2024-03-13,2,Good good come very terrible horrible come terrible loved terrible satisfied exceeded great recommend disappointed disappointed good good
2024-05-25,2,Mediocre terrible come fantastic fantastic expectations highly superb worth service satisfied back service excellent highly poor great
2023-12-28,2,Disappointed come average satisfied average superb exceeded improve average good loved horrible excellent poor back average job
2024-06-06,2,Average service very average good average highly poor improve superb superb improve highly price
2024-03-05,4,Job fantastic terrible job job price average expectations average recommend very fantastic loved excellent improve experience disappointed loved
2023-10-30,4,Not come great disappointed job fantastic service good terrible back great horrible disappointed horrible great highly highly poor excellent
2024-03-04,3,Price disappointed back superb back fantastic average poor expectations loved job
2023-10-09,4,Expectations experience horrible excellent horrible back terrible exceeded terrible job not loved back highly highly improve
2023-09-29,1,Experience come recommend very great good fantastic expectations satisfied price disappointed recommend
2024-05-23,4,Expectations highly service great improve excellent expectations worth satisfied poor
2024-04-07,5,Average disappointed back satisfied service price expectations very worth superb come terrible loved very highly
2024-01-11,2,Fantastic horrible price disappointed poor disappointed average disappointed great back great disappointed satisfied service
2024-04-02,3,Job fantastic very worth exceeded average satisfied loved horrible disappointed
2023-10-29,5,Mediocre terrible good mediocre exceeded fantastic very mediocre satisfied back come excellent great price excellent fantastic very come
2024-01-27,4,Recommend good price recommend improve loved experience recommend expectations good excellent
2024-02-18,5,Price very good excellent recommend excellent expectations horrible average good recommend very good superb recommend great not very very worth
2024-05-14,5,Expectations satisfied poor terrible highly good good experience job experience improve highly
2024-05-04,5,Service good excellent satisfied service mediocre poor back good mediocre worth satisfied great recommend very service mediocre mediocre come terrible
2024-06-03,4,Highly very satisfied average satisfied good expectations improve price very average mediocre improve
2023-12-10,5,Recommend poor recommend worth satisfied back not loved great great average good superb terrible expectations mediocre back
2023-07-23,5,Price back experience back not superb good horrible service experience poor
2023-11-24,5,Come great back recommend horrible price average satisfied service not poor good horrible fantastic back service horrible not good
2024-04-19,1,Expectations poor mediocre worth highly disappointed disappointed not highly expectations improve price highly exceeded good price recommend great
2023-08-09,5,Average job job job very mediocre good job horrible average recommend highly superb loved superb price
2024-02-15,4,Price back price excellent service expectations superb horrible price come experience
2024-04-06,3,Not satisfied great terrible improve mediocre fantastic mediocre great come poor good fantastic mediocre disappointed highly disappointed highly average
2024-04-28,1,Mediocre average come fantastic excellent worth horrible recommend back price experience terrible satisfied
2023-11-29,2,Back back horrible mediocre service price worth worth poor come mediocre great experience great recommend service service recommend
2023-09-16,2,Worth good disappointed price superb highly fantastic great recommend satisfied horrible disappointed terrible great
2023-10-13,4,Experience poor average satisfied horrible recommend loved experience come terrible job highly job horrible experience
2023-06-19,1,Very service great come service disappointed superb great good satisfied satisfied back mediocre fantastic
2023-10-27,1,Expectations loved exceeded horrible highly very experience average loved not recommend superb satisfied fantastic expectations disappointed come
2023-08-09,2,Job great worth not excellent expectations come improve mediocre average horrible superb excellent poor mediocre service highly
2024-06-06,3,Good come recommend price price worth average loved experience job price experience expectations not
2023-10-01,5,Good excellent job recommend worth disappointed horrible improve improve superb good average
2023-12-18,3,Exceeded price average come loved back recommend exceeded expectations fantastic satisfied loved poor recommend great excellent average
2023-09-06,1,Improve horrible disappointed come poor come satisfied good highly average terrible not very average terrible back experience horrible price worth
2023-11-28,4,Not price terrible recommend poor come improve excellent expectations excellent service experience worth
2024-01-15,3,Loved recommend worth good fantastic great good terrible worth come disappointed
2023-07-12,3,Highly mediocre not poor come price great service fantastic mediocre highly excellent good horrible job come
2023-08-01,1,Satisfied experience loved improve very very fantastic back loved exceeded come mediocre
2023-08-24,2,Satisfied expectations come expectations service recommend come highly expectations fantastic job recommend price great job improve back recommend disappointed
2024-06-02,1,Excellent poor not great excellent poor poor very service highly good recommend service not superb experience
2023-10-01,3,Exceeded back not price average poor recommend superb superb average exceeded terrible superb fantastic exceeded come price recommend fantastic fantastic
2023-07-04,3,Loved loved exceeded service improve recommend not not job highly mediocre improve disappointed exceeded mediocre
2024-03-30,4,Very very great very loved disappointed back average poor mediocre very improve improve worth improve
2024-04-30,3,Very worth poor highly mediocre terrible excellent disappointed loved not experience
2024-03-10,4,Poor superb average disappointed disappointed loved back improve worth fantastic exceeded recommend very exceeded mediocre expectations disappointed experience
2024-04-14,3,Recommend superb improve average recommend price excellent come exceeded experience
2024-05-24,2,Very very satisfied great back great job disappointed come very improve fantastic
2023-07-18,3,Worth very experience horrible back expectations satisfied excellent excellent experience back highly back expectations highly horrible
2023-06-24,4,Exceeded recommend exceeded exceeded not loved highly fantastic good satisfied
2023-08-13,4,Recommend service come price great terrible loved very excellent highly good superb worth highly good
2024-05-01,4,Highly terrible service good good great worth back service loved service poor
2023-09-15,3,Highly improve disappointed disappointed satisfied improve not disappointed terrible come disappointed job great fantastic back great improve worth improve job
2024-04-16,4,Loved service worth great experience great improve recommend worth great exceeded poor loved recommend disappointed
2024-03-31,5,Satisfied expectations exceeded recommend highly recommend loved worth good fantastic improve
2023-08-11,2,Excellent horrible average mediocre service terrible highly service back come recommend loved
2023-12-28,3,Mediocre mediocre expectations expectations experience terrible loved great improve great not
2023-07-27,4,Service satisfied excellent excellent highly price fantastic terrible disappointed back price great horrible poor highly disappointed
2023-12-17,2,Excellent job loved satisfied recommend satisfied superb improve job disappointed very excellent recommend very
2023-08-09,3,Improve disappointed improve price very very terrible excellent very expectations highly experience
2023-06-29,2,Not improve experience experience horrible great horrible good exceeded excellent very excellent highly disappointed superb excellent loved job service back
2024-04-16,5,Exceeded good improve disappointed disappointed mediocre exceeded price come fantastic recommend
2023-06-22,3,Poor service mediocre worth superb mediocre mediocre great experience highly worth highly exceeded
2023-09-18,4,Superb horrible highly excellent expectations great experience service terrible disappointed superb satisfied horrible service
2023-09-13,1,Excellent mediocre horrible highly fantastic come expectations improve recommend mediocre exceeded superb not job very recommend
2023-08-13,4,Recommend great poor service horrible experience come terrible highly service poor excellent mediocre highly average good satisfied recommend excellent exceeded
2024-02-11,3,Satisfied come price disappointed poor poor improve average experience poor loved recommend horrible come come recommend good
2023-09-26,4,Back not improve expectations superb poor good highly come poor experience fantastic highly highly great terrible
2023-07-12,1,Superb disappointed price improve excellent expectations come very job price worth average worth superb good price
2024-05-23,1,Improve satisfied excellent good recommend come terrible price recommend price worth disappointed experience improve poor fantastic disappointed job horrible
2023-06-22,1,Loved loved horrible job expectations average come highly excellent good
2024-03-15,4,Improve mediocre service highly disappointed worth highly experience horrible service expectations not job poor highly not
2024-01-14,3,Poor improve horrible loved good service service highly very exceeded not experience satisfied
2024-04-23,4,Recommend satisfied worth service worth exceeded average excellent highly price expectations come
2023-08-01,1,Very exceeded horrible recommend satisfied excellent experience loved terrible experience job
2023-10-22,5,Very satisfied terrible mediocre come superb horrible good not average back worth disappointed not expectations loved good recommend
2023-07-16,1,Experience come worth recommend not superb back come not satisfied fantastic good improve very back very recommend
2023-10-02,1,Satisfied highly highly job superb superb exceeded expectations price job job terrible price
2023-07-17,3,Great highly very loved mediocre service back highly not come improve
2024-05-07,4,Disappointed recommend experience service highly excellent good expectations very average back average
2023-11-12,3,Poor expectations mediocre poor very experience mediocre great excellent average
2023-12-07,4,Expectations not exceeded come loved price worth expectations satisfied very
2024-01-20,1,Not price expectations worth highly exceeded worth average job good satisfied
2023-09-11,1,Good fantastic great great recommend mediocre highly exceeded recommend loved experience experience great very excellent come excellent
2023-07-12,1,Very back experience experience great good mediocre recommend job very improve loved price average very worth
2024-02-23,4,Very improve excellent horrible disappointed back great price mediocre average highly
2024-02-05,1,Horrible price poor come improve fantastic come expectations mediocre worth expectations fantastic exceeded average mediocre
2023-07-01,3,Job expectations terrible come excellent service experience horrible expectations worth satisfied superb job
2024-04-11,3,Worth not price job average highly loved come highly superb terrible superb service average good improve very very come average
2023-08-01,1,Come excellent average horrible exceeded horrible mediocre average excellent superb good worth job highly poor
2024-06-03,5,Expectations come back average expectations recommend satisfied excellent disappointed expectations horrible
2023-12-28,4,Horrible job improve experience expectations not loved average highly job recommend loved not satisfied improve expectations exceeded service superb
2023-09-21,5,Mediocre highly horrible good expectations very good good excellent come experience expectations not good not expectations worth
2023-10-22,1,Poor recommend poor improve job excellent horrible terrible recommend superb expectations mediocre disappointed service exceeded poor horrible exceeded
2023-12-11,5,Excellent loved experience satisfied loved average improve worth experience average price mediocre improve come fantastic superb poor
2024-02-06,4,Average loved superb not worth back satisfied loved terrible come very excellent expectations
2024-03-28,4,Disappointed improve not average poor horrible satisfied job loved good expectations great terrible terrible
2023-09-05,5,Mediocre price excellent loved worth not horrible worth terrible poor superb service come loved price good expectations disappointed mediocre exceeded
2024-06-02,2,Very fantastic poor fantastic come mediocre improve service come great excellent satisfied satisfied improve
2024-05-20,4,Very excellent back poor good experience not highly great very service come
2023-09-23,1,Recommend experience average terrible good poor experience excellent experience loved mediocre horrible very experience exceeded horrible exceeded improve
2023-07-10,1,Poor back disappointed horrible come excellent great fantastic average mediocre highly highly highly
2024-05-22,1,Job good satisfied excellent loved satisfied very superb back great not mediocre recommend highly come fantastic improve experience
2023-08-31,2,Horrible back service disappointed price experience come fantastic worth expectations horrible not expectations
2023-09-01,1,Price recommend superb job price good great come loved average highly great mediocre great not
2023-12-03,5,Recommend worth highly exceeded price job price back loved average average job job disappointed job
2024-03-08,2,Back job loved great recommend mediocre great worth service come superb great service average satisfied experience disappointed excellent
2023-10-17,4,Very improve improve superb recommend disappointed excellent superb excellent expectations very loved terrible
2023-08-10,2,Highly job recommend recommend exceeded disappointed price back excellent poor recommend average fantastic
2024-04-11,1,Terrible disappointed job improve exceeded mediocre expectations fantastic experience excellent mediocre expectations worth
2024-01-23,1,Very job mediocre terrible fantastic very expectations come recommend good superb worth not superb expectations terrible fantastic satisfied disappointed improve
2024-05-16,5,Job exceeded highly great price expectations mediocre good worth very disappointed
2023-09-08,4,Back loved back job price satisfied back not disappointed worth job poor satisfied service excellent back good good highly
2023-06-17,4,Horrible terrible loved satisfied highly exceeded superb service mediocre fantastic excellent expectations highly exceeded price highly fantastic
2024-02-07,2,Service loved horrible good very good average very loved exceeded not experience highly excellent worth service back service
2024-05-24,1,Worth improve good back good superb very excellent loved loved
2024-01-06,1,Exceeded service highly experience terrible job poor satisfied terrible highly highly great mediocre service average
2024-03-28,2,Highly horrible terrible horrible good excellent worth good service not terrible very horrible great exceeded terrible price expectations job experience
2024-02-26,3,Service highly superb recommend job experience satisfied satisfied mediocre expectations poor poor good service recommend very improve not
2023-11-17,1,Back horrible mediocre disappointed back worth great come recommend disappointed loved come fantastic back great worth very
2024-05-08,4,Price price exceeded average excellent great expectations loved price expectations terrible terrible mediocre back horrible good
2023-12-10,2,Highly recommend not average very poor horrible horrible very experience recommend worth terrible good back poor
2023-12-26,2,Come expectations fantastic great average improve recommend experience disappointed poor fantastic not not average loved terrible excellent average
2024-05-12,5,Expectations improve exceeded satisfied job price mediocre terrible price very horrible highly horrible
2023-10-17,1,Fantastic recommend improve not come mediocre poor mediocre fantastic highly very
2023-08-28,1,Come superb disappointed satisfied superb horrible exceeded terrible come expectations satisfied
2024-03-24,4,Experience service satisfied very terrible loved horrible come back exceeded very expectations very horrible not improve improve very good
2024-05-29,3,Experience disappointed good expectations average good loved highly very average exceeded recommend worth
2023-06-17,4,Good loved not fantastic price horrible horrible disappointed come excellent good average exceeded excellent good job service terrible average improve
2024-01-31,3,Worth mediocre very worth not come satisfied job recommend exceeded not not highly improve good
2023-07-21,5,Fantastic satisfied horrible come fantastic great mediocre fantastic poor back improve service mediocre terrible job recommend horrible come highly
2023-11-29,4,Back come exceeded worth terrible mediocre back superb average average superb satisfied
2023-07-04,4,Good price back improve average experience expectations highly horrible poor poor average satisfied fantastic satisfied good
2024-03-15,1,Poor poor expectations expectations horrible fantastic price great worth disappointed recommend superb disappointed
2023-11-01,4,Excellent average average price loved good great satisfied not worth highly come very fantastic terrible price expectations loved highly expectations
2023-08-19,1,Experience good fantastic experience excellent not job worth come good job
2023-10-11,5,Price satisfied fantastic loved average not price worth come highly good satisfied expectations improve average
2024-02-12,3,Job improve improve exceeded not average very good fantastic poor very loved terrible great satisfied recommend very satisfied experience
2023-12-08,4,Excellent come disappointed satisfied loved come experience exceeded highly experience
2024-04-18,5,Price exceeded come job very worth expectations excellent good expectations back
2023-11-05,1,Horrible superb loved disappointed exceeded improve satisfied satisfied expectations exceeded experience mediocre
2024-05-20,3,Come good superb service terrible worth highly excellent terrible experience
2023-12-11,4,Exceeded good horrible average terrible horrible back mediocre poor superb come
2024-04-08,4,Worth superb fantastic terrible great worth experience worth fantastic terrible recommend great highly worth service back not expectations mediocre
2024-04-30,2,Loved back average loved not loved come average horrible not highly expectations not horrible price average not come disappointed
2024-04-23,4,Excellent terrible expectations fantastic terrible disappointed good worth experience back fantastic mediocre price recommend loved mediocre exceeded superb exceeded great
2023-08-17,5,Excellent disappointed horrible highly great highly come mediocre price terrible improve
2023-11-16,4,Poor exceeded price excellent good satisfied back great average highly price great poor very
2023-12-26,4,Excellent excellent terrible average poor job terrible satisfied poor not service fantastic good improve improve great
2024-01-09,2,Mediocre loved excellent highly very satisfied satisfied back average come experience worth
2024-05-09,2,Exceeded recommend mediocre disappointed exceeded superb expectations not job great horrible come horrible come experience not improve horrible
2023-07-22,2,Terrible excellent great disappointed price price excellent satisfied come loved improve loved very expectations poor excellent mediocre
2023-06-11,4,Disappointed horrible recommend average average job good satisfied poor price poor expectations average mediocre poor come recommend
2024-04-10,3,Average not back horrible disappointed great job not superb satisfied
2023-09-17,3,Worth highly worth back back not superb poor expectations worth price improve price mediocre superb come
2024-06-02,5,Come terrible poor terrible loved exceeded back recommend mediocre very terrible price superb experience excellent recommend improve fantastic horrible
2023-11-29,4,Improve expectations experience superb excellent poor fantastic price price improve highly
2023-08-31,2,Very service great fantastic satisfied good disappointed not disappointed terrible excellent loved terrible great
2023-10-11,3,Back come not very great terrible very highly service service
2023-10-03,4,Recommend not service excellent service horrible horrible great satisfied good very
2024-05-02,2,Good satisfied come expectations worth average satisfied job satisfied great horrible superb come improve satisfied horrible come mediocre
2024-01-26,5,Satisfied job excellent horrible experience come superb fantastic poor terrible price poor
2023-12-21,3,Experience price improve highly back recommend not recommend highly excellent good come price worth
2024-06-08,3,Average loved come worth not not good service fantastic recommend back average
2024-05-20,1,Satisfied disappointed good experience average good price experience disappointed back very back superb exceeded excellent terrible highly superb mediocre not
2024-03-27,2,Fantastic service superb come superb worth excellent price experience superb very horrible
2024-01-09,1,Experience very loved worth improve average exceeded expectations mediocre disappointed price experience
2023-06-27,5,Disappointed improve improve highly exceeded loved fantastic excellent poor horrible
2024-01-02,1,Great poor great expectations recommend loved recommend back excellent recommend great fantastic come
2024-06-04,4,Disappointed back horrible fantastic highly expectations price very expectations job back improve price highly great very come back experience price
2024-03-27,3,Fantastic excellent fantastic back satisfied improve improve experience fantastic mediocre poor mediocre
2024-01-11,1,Good expectations experience come highly job job worth very average not worth highly excellent excellent poor very
2024-05-15,1,Come excellent job disappointed very recommend great great back price great improve exceeded excellent
2024-06-08,2,Average mediocre average improve expectations expectations superb job loved horrible superb job very experience recommend
2023-07-04,2,Come superb back recommend job highly poor fantastic satisfied fantastic job good very average excellent great exceeded service
2023-09-03,1,Great good experience terrible fantastic horrible fantastic service satisfied satisfied price terrible terrible exceeded improve excellent back highly worth satisfied
2024-01-25,4,Very mediocre job highly mediocre average mediocre back not disappointed great recommend disappointed great
2023-07-13,1,Improve superb come disappointed job satisfied exceeded great terrible satisfied terrible not recommend
2023-10-21,4,Good terrible terrible terrible back excellent worth terrible average loved improve
2024-06-04,1,Satisfied poor not come service back highly job good good fantastic improve good
2023-08-30,5,Expectations satisfied satisfied exceeded average back terrible loved fantastic poor price back expectations worth highly fantastic
2024-01-25,5,Fantastic loved satisfied worth loved back price great fantastic loved terrible mediocre
2024-03-07,1,Great service recommend job very service fantastic mediocre satisfied back good good experience poor
2024-02-15,2,Job recommend superb horrible fantastic superb horrible back excellent price fantastic not job come satisfied mediocre satisfied great superb exceeded
2024-03-24,4,Poor worth horrible terrible disappointed experience terrible job poor come excellent come disappointed excellent exceeded excellent good horrible service
2024-04-15,5,Price back price back come fantastic recommend highly worth poor price recommend mediocre highly
2023-06-11,4,Expectations experience excellent great excellent improve average exceeded good fantastic
2023-06-30,3,Back horrible back great poor job disappointed job terrible disappointed terrible price very superb back
2024-02-19,2,Average fantastic great terrible mediocre come horrible disappointed good superb
2023-11-24,2,Average superb expectations fantastic satisfied very job job exceeded improve job great experience superb good very job
2023-11-17,3,Disappointed come horrible exceeded good average recommend satisfied highly good exceeded
2024-02-05,2,Average experience expectations mediocre not good loved satisfied fantastic very good fantastic not disappointed terrible great come poor
2023-07-06,5,Highly service recommend horrible disappointed very exceeded terrible job job experience
2024-01-09,3,Recommend improve satisfied not great disappointed expectations improve good exceeded
